oid,gid,pop,labor,unemp,unemppct,blackunemppct,asianunemppct,whiteunemppct,hispanicunemppct,shapearea,shapelen
1,1382468,104,90,58,14.8,,,7.8,47.1,25407635.1030273,30211.9245840078
2,1343668,90,66,54,29,73.5,,4.6,306.4,34481649.8500977,42796.1264558909
3,1327988,407,340,77,4,15.4,,3.6,13.3,150660244.028076,90021.9806890978
4,1354656,82,71,55,17.4,15.3,,7.5,183.8,45009824.317627,25176.3458884036
5,1332860,46,49,53,47.1,,1838.5,8.4,,39819436.1530762,60037.9750937391
6,1378324,1305,1027,451,4.8,4.1,169.7,56.4,17.1,544196107.000244,505363.934642096
7,1371660,450,422,107,4.9,6.7,,3.2,11.1,434174509.696045,176458.557810632
8,1362244,162,126,65,9.6,8.1,612.8,8.5,,65614522.9372559,85453.5667356336
9,1320064,715,629,201,3.2,5.3,18.9,3.4,16.2,431548186.156494,245374.990955999
10,1358744,266,157,65,6.9,16.8,30.1,4.6,48.4,60949146.6237793,71558.6996265519
11,1311784,821,724,159,2.2,6.5,34.3,2.2,1.2,472078371.11084,538894.463481219
12,1328380,1274,1055,308,4.1,4.7,,5.3,5.2,474802275.023438,244467.888512519
13,1310104,62,50,52,29.6,306.4,306.4,4,153.2,111060449.328857,41982.7457747764
14,1316796,100,88,55,10.1,,,3.9,108.3,80819025.8679199,105422.365490802
15,1336276,619,540,163,4.4,5.3,54.2,1.4,26.6,153185231.205566,95549.1148360834
16,1353620,195,163,75,7.1,66.9,229.8,5,25.2,255958167.436523,99684.3735784657
17,1328968,699,593,181,2.2,3.9,3.3,2.9,7.9,357127583.144775,340121.839877379
18,1384288,50,49,57,76.7,,919.2,19.4,919.2,23401813.8041992,22856.0879766607
19,1349616,59,43,51,33.1,262.6,,10.4,,29265619.1560059,29241.9633014861
20,1375664,38,35,57,62.4,,,15,,41599144.4638672,22886.4037810371
21,1330340,440,380,123,3.3,20.7,41.7,2,11.9,178529464.330811,242328.1999884
22,1359724,835,718,232,1.4,8.6,4.3,1.5,5.7,711593333.335938,165162.476889497
23,1354572,152,135,60,8,,,2.7,183.8,40592538.7182617,43319.6297352626
24,1311056,53,45,55,22.7,306.4,1838.5,2,306.4,124909549.811035,54140.0035765218
25,1335324,781,673,223,2.4,3.7,130.5,1.8,5.1,391606073.38208,247180.437673896
26,1304140,412,344,103,2.7,8.1,12.5,3.1,6.4,183846230.609863,239122.160645213
27,1342604,329,224,100,6.7,9.4,32.3,6.8,22.8,70623237.2805176,60583.0972283715
28,1353004,590,489,133,3.5,5.4,3.9,6.2,5.4,93217202.2451172,76388.849611396
29,1365464,771,629,277,3.3,3.7,6.9,12.9,6.2,126497032.514893,136341.685626694
30,1347896,200,181,54,3.9,10,32.8,3.4,8,116802659.091064,149213.339280595
31,1374572,55,51,58,93.8,,,31.2,612.8,5644892.86132813,8690.63971713702
32,1313184,46,43,58,65.3,153.2,,23.9,,30756821.9431152,37113.2050183249
33,1323900,1029,874,445,2.7,3.1,6.7,6.9,7.4,624132747.50708,695268.594939401
34,1348624,1059,874,294,2.6,4,25.3,3.4,4.6,355822712.817871,364505.147828757
35,1382720,96,80,48,14.4,13,,6.7,,70089860.9616699,44946.4136314025
36,1320932,384,340,128,4.3,36.4,13.3,3.9,6.5,162743154.460938,122770.435046281
37,1307640,44,44,55,43.7,130.2,,12.6,306.4,33802149.5932617,34831.3656643687
38,1333896,91,56,58,52.9,262.6,,17.8,,52089543.657959,31629.8902448816
39,1379528,746,615,246,3.3,5.1,10.1,4.3,25.7,406874394.692871,243200.971428122
40,1366696,52,49,54,39.3,108.1,,12.4,,22019888.6186523,21867.2098452972
41,1310076,512,419,88,2.1,3.9,11.5,1.6,10.1,339038879.228271,293277.089195591
42,1344508,257,177,59,5,6.3,6.1,6.9,18.4,51354866.361084,44954.8918897509
43,1330536,848,708,259,2.7,5,4.1,4.6,3.5,262167489.656738,150625.637792026
44,1379948,155,65,73,29.2,56.5,,12.1,72.3,41067876.6662598,52477.1365197003
45,1353172,78,71,53,12.2,265.3,,5.9,83.6,14439101.8305664,18445.4118445647
46,1336472,678,605,137,4.1,4.7,46.3,6.6,13.5,66092956.795166,38841.9672839422
47,1368516,2068,1881,455,0.8,2.3,1.5,0.7,2,1081733980.32349,226422.733134116
48,1301696,1478,1238,343,1,4.9,2.1,1.3,3.2,759540885.787598,265240.060900612
49,1358884,523,374,207,8.3,11.8,110.7,14,5,332589068.749756,281885.942710362
50,1342425,1650,1421,485,1.1,4.4,2.6,1.4,3.1,875127602.753418,207592.698862183
51,1317776,747,602,254,3.5,4.1,565.7,3.1,6.5,298697473.074707,180664.457611274
52,1351670,1258,1102,261,1.4,5.8,4.1,1.3,3.5,1091740682.76929,259019.197220685
53,1325720,1176,971,320,1.7,1.9,13.2,2.8,3.5,410456537.987061,166758.215168157
54,1367284,1775,1613,335,0.7,2,2.4,0.7,2.1,1163417295.5376,319108.701023452
55,1373312,261,222,58,4.4,7.6,70.7,3.7,9,98240306.1379395,58885.0003288945
56,1336528,40,41,56,77.6,612.8,919.2,30.4,,19560250.8151855,39138.5912367866
57,1334428,227,192,89,5.6,12.7,167.1,3.7,27.6,165090436.446289,74603.0835823151
58,1312988,1090,975,316,2.4,11.9,8.8,2.8,4.3,518806923.966553,584234.784086794
59,1304252,540,483,198,4.6,5.6,99,4.8,10.7,163766079.448975,225608.318904674
60,1349756,1479,1301,405,1.2,2.5,5.1,1.8,2.9,646116713.667725,594624.48232853
61,1339076,431,384,85,3.9,4.6,,4.9,15.3,106401992.345947,293471.728669365
62,1313492,1047,891,323,2.5,5.7,20,3.3,6,635329042.065186,488777.614663471
63,1361040,101,90,57,14.8,15.4,612.8,5.4,229.8,7017164.40576172,18197.2411640371
64,1346860,188,160,62,6.3,4.8,,83.6,76.6,25831312.449707,33935.1923670846
65,1373816,535,453,128,3.6,4.5,60.6,4.7,12.1,45423272.1772461,60693.8347650573
66,1342184,41,41,56,105.6,,,21.2,,20687468.6203613,16207.3783466703
67,1352192,659,560,242,3.8,7.4,104.8,4.1,20.1,421736378.675537,201101.66591277
68,1380228,116,85,62,10.8,68.1,,8,,79787887.3408203,68419.7291853002
69,1324768,1191,1095,272,1.1,3.2,2.4,1.1,4.5,369256145.754395,89952.7535854072
70,1321324,846,726,166,2.8,4.8,42.2,2.9,8.4,195180658.479492,299763.448395155
71,1375832,581,543,83,3.5,3.4,,2.7,24.2,207596919.79126,111607.13489323
72,1307612,87,80,50,13.5,33.4,124.2,4.3,25.5,64115686.534668,58240.6358572895
73,1383420,528,457,133,1.9,5.8,15.3,2,5.5,354640578.878662,229885.327807386
74,1352668,60,45,55,27.8,83.6,,2.1,367.7,21767332.5043945,27909.15813808
75,1355020,1065,950,257,1.4,3.6,5.5,1.3,5.8,519829153.715576,278439.570120022
76,1369672,312,262,115,5.4,7.8,,6.7,26.7,153566514.866455,114154.947034321
77,1369980,57,53,54,30.4,87.5,,9.9,74.8,14980943.7585449,21796.2006058407
78,1377764,50,48,55,40.6,306.4,,11.6,141.4,35542177.9438477,39962.8276690074
79,1345488,1135,927,306,2.1,3.6,9.2,2.7,3.4,373812773.565918,235221.708555424
80,1321184,670,530,257,8.8,5.4,18.4,11,20,137186258.276611,176709.769956127
81,1307248,131,110,53,5.1,18,8.9,3.4,19.5,51203132.8408203,46470.0020445853
82,1355776,722,596,157,1.9,5.3,3.4,2.8,3.1,167952852.360107,93649.1463015621
83,1359735,1212,1049,316,1.4,4.9,2.8,1.4,3.4,458765994.718994,168245.001560291
84,1374936,843,745,155,1.6,4.5,1.9,2,5.2,304890403.988525,152356.610596177
85,1347196,583,477,191,3.8,12.2,10.5,2,19.9,206853824.596436,157193.249960072
86,1300408,949,774,317,2.6,4,9.9,3.9,5.7,246688798.834229,262581.537925338
87,1347616,515,440,178,6.2,6.4,,10.1,15.1,76815202.8510742,92203.3180415705
88,1362524,705,595,194,2.6,4.1,17.5,2.2,9.2,199079050.867676,256635.454486888
89,1305036,164,139,50,4.9,,,1.7,68.1,153668344.365234,245299.65628531
90,1364792,44,48,58,114,,,46,204.3,7881281.26708984,16630.7824606788
91,1324600,1040,894,262,1.7,4.9,2.6,2.1,3.1,282582203.85498,190690.069482651
92,1346356,553,480,138,2.2,5,2.4,3.7,5.5,190154128.345703,123475.283903665
93,1339524,770,644,332,5.8,8.8,65.8,6.1,17.6,187851371.403564,363351.610667602
94,1315172,936,836,203,1.2,2.9,5.2,1.3,2.6,211615422.26001,82936.1223783251
95,1371604,941,825,310,3.1,6.1,10.8,2.1,5.3,292031269.507324,176393.631733794
96,1319336,708,560,259,3.7,4.3,21.6,3.6,10.1,329002262.387207,348556.168453292
97,1334596,237,203,63,4.3,8.3,18.4,2.7,25.5,69436874.7734375,77216.3378056926
98,1310132,420,363,123,4.2,8.3,41.7,3.9,67,294633008.849609,224699.338507202
99,1309544,199,150,64,7,9.7,204.3,6.7,167.1,104111325.193848,107688.888776476
100,1358296,52,51,58,78.6,114.9,,40,153.2,10016266.4555664,17228.6701652744
101,1331908,1066,924,194,1.1,2,6,2.2,1.4,936202913.03418,1028036.58629531
102,1357260,357,301,80,3.5,16.7,52.5,2,3.5,132366737.660889,384982.276151557
103,1300436,459,373,160,7,9.9,,7.5,25.5,251511187.69458,185673.351871729
104,1313688,778,646,187,2.2,4.5,130.5,2.7,2.9,809749928.318848,834648.346585469
105,1327344,164,129,56,7.9,183.8,23,3.3,17.3,196893001.133301,183784.239026341
106,1347140,538,412,133,5,7,,6.3,14.1,275330733.818359,296630.012750202
107,1378044,479,404,155,4.1,6.1,31.4,5.5,10.4,358917217.848389,164831.919339339
108,1310944,1236,1139,212,0.7,2.2,2.1,0.7,2.3,324078625.835693,112381.554484669
109,1323536,532,463,119,2,5.5,3.7,3.3,2.8,135899054.952393,93604.2694885076
110,1322052,686,601,156,1.5,4,4.3,1.6,12.6,123242952.561035,77390.1049208946
111,1316544,622,508,203,3.1,4.7,3.9,7.1,10.7,49634045.4545898,49960.2859706306
112,1371492,1507,1377,361,1.1,2.3,5.2,1.2,3.8,430286755.115723,409689.968436419
113,1377652,1086,964,298,1.6,3.7,2.4,2,5.2,561569480.110352,149589.121395449
114,1315552,233,185,71,5.4,12.7,,1.7,25.5,1650412779.45483,377218.547215843
115,1304644,172,160,60,3.9,25.4,35.1,2.1,63.4,34390478.4099121,40282.9680552246
116,1373704,1235,1058,393,2.6,3.7,6.1,4,5.2,383190788.626709,425881.1425102
117,1373784,1823,1554,622,2.2,2.2,44.2,14.8,9.8,1058163675.78149,213817.933807647
118,1304000,3606,3015,1258,0.5,1,1.3,0.3,1.8,3808011477.26807,585248.196332895
119,1374180,861,764,226,2,6.5,5,2.3,4.6,305607536.103516,400883.055788802
120,1384176,1022,933,230,1.5,5.7,7.8,1.5,2.7,349010042.053467,328239.051632949
121,1343192,1298,1162,318,1.6,3,4.8,2.3,3.8,272467591.628418,293966.375662057
122,1300184,192,64,57,30.7,21.4,,15.3,,86208470.4256592,34300.0038689625
123,1301024,129,100,64,18.9,16.2,,12.6,,28635963.9920654,22865.9928487899
124,1304980,260,210,78,5.6,53.8,102.1,5,6.5,136595186.72998,180636.086773617
125,1306016,372,280,114,6.9,14.6,63.4,7.4,10.9,223270507.265625,637992.19774978
126,1308284,332,255,81,7.4,7.9,,7.3,,143463972.351807,193845.493945351
127,1308480,120,79,58,38.6,,,15.1,167.1,30991532.6066895,25098.6375270677
128,1309068,154,134,61,8.3,35.9,70.7,4.4,30.1,66279742.7661133,39406.9875615178
129,1311672,44,48,56,65.9,32,,32.5,,22355377.8251953,18007.0722719544
130,1312932,113,70,55,20.1,73.5,,9.8,167.1,87191315.8112793,35099.039782371
131,1313352,124,102,57,15.8,102.1,55.7,3.8,,82516956.9255371,91172.9484240755
132,1314108,116,90,52,11.3,35.6,,5.3,,102685648.359131,110408.997256892
133,1315984,310,280,83,5.8,39.1,,4.5,,71935588.9624023,99718.4488501505
134,1317328,338,222,105,7,14.9,,3.4,31.7,135981782.393433,120202.818840053
135,1319616,612,477,330,7.2,8.7,36.3,2.4,16.2,284911702.771851,268840.57400705
136,1321240,839,637,256,7.9,20.9,,9.6,5.8,242033211.200684,236436.995845767
137,1321744,91,75,51,10.9,11.6,,3.3,70.7,138364789.114197,56288.6717396301
138,1322024,92,80,56,22,55.7,459.6,4.5,,22986335.159668,20655.2929912782
139,1323284,73,55,56,31.5,40.9,,6.6,,35292076.3937988,30332.7487462307
140,1323480,45,53,55,125.6,82.1,,104.3,83.2,12897281.8682861,14376.8656507631
141,1325552,404,335,166,7,9.8,44.7,6.9,24.5,181339423.939819,188146.809706886
142,1327932,122,109,56,9.9,306.4,306.4,4,10.1,34799035.0344238,67334.7180719168
143,1300576,355,287,94,4.9,6.5,,3.3,22.2,247653168.51239,190701.429039904
144,1300660,102,80,58,23.1,27.2,,9.2,,39577482.4018555,26198.1135291578
145,1300828,87,74,65,22.2,22.7,,15.2,306.4,60761055.6289063,35246.1672267891
146,1300996,360,169,55,10.1,8.4,,2.3,,56145786.3032227,35486.6164787237
147,1311616,158,117,64,9.8,14.3,,8.7,459.6,47379524.5161133,55058.3627627594
148,1301052,927,905,564,1.7,2.4,12.8,1.7,6.9,1556029070.99939,322382.082116319
149,1304084,79,68,55,24.5,15.3,,29.5,22.5,22194223.1141357,16756.0509021187
150,1301248,50,54,55,71,183.8,,21.7,459.6,7119208.71533203,18469.9304855809
151,1372122,,,,,,,,,2376619424.71997,1236430.89835393
152,1301472,104,82,53,15.6,4.3,,17.2,30.9,31599446.8551025,19974.2287405938
153,1301500,40,44,56,131.7,79.4,,96.8,,128331879.303955,62886.8944998928
154,1301612,264,196,78,6.8,11.4,40,5.3,,173481414.019775,110212.261592936
155,1301808,39,45,55,93.8,150.9,,26.6,,80165383.0166016,32459.439149513
156,1301948,126,95,52,11.3,102.1,153.2,3.7,8,31617738.2167969,37427.3662674693
157,1302060,70,65,56,42.9,91.9,,20.5,33.4,87398743.3149414,33186.3397122396
158,1311504,109,90,53,17.6,34.2,,9,25.5,93678771.5516357,42646.2785807626
159,1302116,609,504,263,3.7,4.7,50.5,4.4,12.1,321062055.823853,291879.635215411
160,1302256,45,51,50,67.6,28.1,,15.3,167.1,38658333.8701172,28425.42036117
161,1302564,86,57,57,25.7,55.5,,11.6,,179589766.021118,63721.8922128362
162,1302592,172,139,65,10.4,19.6,,8.3,262.6,30871848.0161133,67606.0633152615
163,1314500,579,484,194,4.7,13.8,,6.2,7.1,256607999.880371,348626.774593854
164,1302648,154,119,57,7.7,31.7,,5.2,459.6,258233279.484375,229074.20931348
165,1302844,55,56,53,59.9,24.9,,27.1,,47951595.9971924,24614.0543746978
166,1302928,166,122,82,11.2,9.5,131.3,16.7,,111691289.580872,42289.222337678
167,1303124,59,54,54,29.6,43.8,,4,,47431544.3769531,27824.2186948245
168,1303236,343,264,124,9,9.9,,10.4,15.3,133780269.906982,70785.3683111945
169,1304204,1426,1621,874,1,1.7,3.8,1.3,5.8,8549686093.72168,713641.331095585
170,1304392,60,62,58,58,54.3,,30.1,183.8,49280709.7507324,24982.8824422444
171,1304448,44,40,56,43.7,1838.5,,11.3,,18126958.0202637,15597.6043290237
172,1305680,60,57,56,45.9,19.1,,28.8,,31530159.9628906,23563.5014097975
173,1304840,111,77,69,23.2,23.8,,25,,54399448.394043,38650.4245553874
174,1304896,536,441,191,4.4,7.4,53.4,5,21.1,559897357.888977,219487.039663846
175,1325356,130,106,53,18.4,54.1,,5.9,21.4,94903779.3066406,107647.202283796
176,1327092,300,276,60,5.2,25.2,919.2,6.5,3,98795261.5068359,224382.019747942
177,1305344,464,317,171,6.6,7.5,,10.9,70.7,170636929.960449,166587.137769453
178,1305708,66,59,53,30.7,34.9,,14.8,36.8,20882552.3097534,16725.9829142067
179,1306688,46,51,57,101.6,,,25.5,,28222512.3369141,21195.3150053324
180,1307304,70,58,56,28.2,21.4,,17.2,44.8,23290165.3370972,49077.7102646736
181,1308200,52,51,57,37.4,1838.5,459.6,10.9,83.6,22015306.5351563,16687.8390796545
182,1308536,260,185,119,7.4,12.1,102.1,2.8,52.5,492388807.10083,108166.916890293
183,1308844,217,185,78,5.9,8.4,459.6,5.3,35.4,392170314.078613,132458.031379209
184,1308928,140,106,69,13.2,,,16,46,74609821.7380371,113759.662447523
185,1308956,47,48,58,92.3,306.4,,32.3,,44824656.7446289,26740.6946656651
186,1309040,72,59,54,19.8,28,,4.5,96.6,79806809.1037598,49589.4275172843
187,1309460,123,102,59,10.7,13.1,,5.2,27.9,62914300.2455444,31721.6277739366
188,1309488,59,57,55,32.5,141.4,,10.5,,87530186.8051758,33178.08148709
189,1309656,66,60,54,25.3,21.8,,3.5,153.2,91456714.2192383,43140.9522865254
190,1309712,106,64,48,18,12.6,,8.5,141.4,87542897.416748,33172.8019740486
191,1310608,52,48,57,76.4,141.4,612.8,28.5,,56886354.5211792,34756.2281854996
192,1310860,48,51,56,74.5,33.9,,49.1,,22030827.7099609,17279.3953167677
193,1321912,252,214,100,5.8,5.5,,9.4,,104597007.809692,51833.8599524675
194,1311000,160,132,63,6.9,38.2,122.6,4.5,43.2,94001455.5153809,50659.4032926707
195,1311560,678,574,198,2.7,4.1,25.5,3.8,6.7,705354046.175659,169830.085436453
196,1311728,226,189,72,7.9,7.1,,19.5,16.7,91251976.842041,36114.5409571429
197,1312120,229,179,100,10.2,14.2,,6.7,459.6,91019633.2623291,36295.8260871678
198,1312232,71,57,55,35.1,17.4,,36.8,45,10088355.4180908,14787.95036358
199,1312260,460,427,91,3.8,2.2,43.9,4.1,28.4,244880958.501221,213222.668494896
200,1312344,96,39,53,49.1,170.8,459.6,6.6,,35844187.9824219,23992.079166029
201,1312400,535,449,180,4.5,6.2,101.8,6.8,9,275087999.988892,142450.26146551
202,1312456,672,552,172,2.6,8.2,39.8,3.6,2.7,437687988.907227,740920.613829152
203,1312512,52,59,58,72.7,30.1,,459.6,,22145155.5192871,16747.5087759569
204,1312624,372,309,172,7,9.8,363.7,9,318.2,184371668.99176,170602.407213151
205,1313212,57,46,53,33.6,114.9,,12.6,219.2,28138008.2131348,26856.7963408756
206,1314192,64,57,58,49.6,27,,32.8,,27132080.5080566,33062.493381781
207,1314920,537,471,118,3.4,6.9,22.3,3.1,14.2,111302286.648682,131959.068806109
208,1315026,66,52,54,24.7,118.4,0,10.2,,91344658.0432129,33972.323050698
209,1315508,382,307,105,6.3,53.1,49.7,6.6,11.3,148472435.572998,160554.183479431
210,1315648,59,55,56,39,30.6,,15.3,108.1,48125806.4367676,25473.4742759837
211,1315900,485,47,53,40.6,20.1,919.2,18.3,612.8,24639105.3100586,25015.6360404688
212,1316460,148,120,56,7.7,25.3,,4.3,30.6,69285565.3208008,78061.8939785597
213,1319728,357,262,87,6.3,19.4,,2.8,9.4,117188383.254883,180570.333018533
214,1316600,212,174,70,7.2,9.9,91.9,3.1,59.3,48918683.9875488,38086.9981129199
215,1321268,50,51,57,106.1,919.2,,49.3,114.9,28414099.4743652,21318.7420904999
216,1316656,182,145,66,8.4,367.7,,7.2,8.6,94546449.8496094,48508.9439632104
217,1322976,102,96,58,25.4,,262.6,13.7,20.2,49821498.125,66114.6410070788
218,1316824,400,318,61,3.8,68.1,229.8,1,48.4,107132505.384521,76472.0106215199
219,1316908,39,42,57,81,114.9,,27.1,612.8,22251278.2301636,16784.8123643364
220,1317272,62,60,56,34.1,79.9,,12.5,57,18964931.1647949,15546.4382458385
221,1317832,85,76,54,27,25.9,,8.4,68.3,28837828.3581543,22571.0486856835
222,1317496,71,59,53,17.2,,1838.5,3.1,,130411531.731201,144368.006589979
223,1317552,98,80,57,19.2,229.8,,4.8,262.6,28520237.4916992,31124.4876603762
224,1319084,135,112,55,9.4,17.4,63.4,5,183.8,90987427.5422363,37517.7894087919
225,1321632,132,76,61,16.5,49.7,306.4,12.9,1838.5,41251590.7316895,59883.130002319
226,1318000,180,144,67,7.8,3.6,,6.1,,230570918.172546,92942.6538466132
227,1319000,1130,1411,683,0.8,1.3,3.6,0.9,3,6160861391.33948,435414.873820784
228,1319112,399,330,122,4,14.4,96.8,4.1,7.6,340188009.914795,364603.146935442
229,1319168,38,36,53,54.9,104,,9.6,153.2,23299907.4804688,23423.0275446992
230,1319392,76,63,53,28.1,31.2,,10.5,153.2,22822299.3408813,19725.1077739058
231,1320288,93,72,60,24.1,15,306.4,16.9,,32720543.598877,24019.7007282697
232,1320316,73,61,52,20.6,5.5,,18.2,79.5,87447367.6525879,33214.3319106349
233,1320848,49,47,55,53.7,24.1,,21.3,,22143731.3696289,16918.250915749
234,1321017,432,283,153,5.7,8,28.5,7.6,9.1,7001128026.31763,478428.249845068
235,1321072,327,266,124,9.8,9.9,,11.9,145.5,85278602.8218994,37349.4921024922
236,1321380,1013,901,330,2.1,6.6,9.6,3.5,2.9,573254065.520752,587888.028053382
237,1321436,64,55,57,65.9,30.7,,51.8,459.6,49318015.628418,24939.8409995692
238,1321688,42,49,54,167.1,1838.5,,49.1,,21995354.6906738,16757.1047038455
239,1321716,341,288,96,6.7,7.2,,10.3,14.8,671097840.272705,243011.678176071
240,1321800,223,61,52,29.3,9.3,,9.5,96.8,85194893.486084,54608.7069081639
241,1321940,193,155,75,6.7,87.5,141.4,5.1,114.9,239368376.730957,316574.945165146
242,1322108,42,42,57,108,,,29.5,,24653886.3898926,18638.8647209199
243,1322304,218,149,70,7.8,40.9,,6.6,19,63337125.4924316,51027.3084734953
244,1322388,47,48,55,77.8,60.2,,26.8,,42985447.8116455,23309.6144824072
245,1322472,56,54,56,57.4,16,,102.1,183.8,22731472.9812012,17598.6460014009
246,1322752,81,68,53,20.7,11.8,459.6,6.5,,21905273.9938965,16684.3170955427
247,1324488,88,77,54,14.1,27.9,,2.6,153.2,95389854.9035645,88552.5951739603
248,1325300,206,159,59,7.1,3.8,0,6.3,70.7,123116187.69873,154027.935961586
249,1323368,199,153,65,7.6,7.8,141.4,5.7,262.6,111267785.335388,42227.9054368819
250,1323872,590,506,129,3,2.5,471.4,5.5,10.5,409366872.903442,246277.34202811
251,1324376,499,404,130,2.3,3.7,24.2,2.3,57.7,445930839.616943,468395.381045913
252,1324796,53,52,58,149.1,65.7,,167.1,,21825193.2594604,16585.6264425472
253,1326084,567,524,199,5.7,9.2,,9.1,4.3,574571973.193604,85091.7295565138
254,1326156,265,233,65,3.8,52.5,,4.2,4.2,11730959023.5955,525383.06646904
255,1326224,54,55,58,2906.9,,,919.2,,5151894.25488281,8081.50041057189
256,1326448,140,105,67,15.3,10.9,,61.2,102.1,65233417.9543457,32666.0557606357
257,1326616,342,247,88,5.5,7.9,,7,12.4,127245168.906494,156069.309289907
258,1326980,151,109,79,8.8,12.3,,6.8,37.4,88507833.7768555,35004.8972530239
259,1327008,52,50,58,342,262.6,,459.6,306.4,22160826.8383179,16748.8063819991
260,1327596,118,78,54,18,229.8,,6.4,64.3,91532423.1875,37949.7681259918
261,1328492,119,93,62,13.8,131.3,919.2,8.8,919.2,49893943.8588867,62481.0538060806
262,1328744,57,59,57,50.9,71.4,,20.4,919.2,76884027.71875,45714.5276985622
263,1330088,93,77,48,14.4,5.5,90.5,7.7,72.5,133070344.521851,77720.9903099768
264,1330732,305,234,155,8.6,12.1,59.4,11.1,,164211588.040771,212391.729517861
265,1331096,500,336,176,4.7,5.9,62.1,11,14.2,208982107.891602,248380.53481241
266,1331292,119,79,69,16.7,26,,13.4,0,97118753.036377,42582.0424148279
267,1331684,93,72,57,21.8,22.7,919.2,8.4,73.5,32448127.7293091,27745.3092221
268,1332048,612,535,161,3.8,8.6,15.4,3.3,2.6,404762828.87915,156089.615704611
269,1332188,50,54,58,75.5,63.4,,38.3,,22182184.1171875,16724.1029983799
270,1332412,41,47,57,141.9,75.1,,83.6,,21933803.3417969,16717.5782880898
271,1333392,139,69,67,33.3,19.4,,20.3,,52612753.8839111,25799.6642217435
272,1333980,134,100,63,9.9,8.1,,12,229.8,151664068.49707,57925.357119193
273,1335716,899,661,333,5.9,9.8,35.5,8.1,4.8,147573394.044922,130147.532135218
274,1335884,182,141,57,6.8,5.8,,2.9,96.8,89941594.0749512,136759.902137264
275,1336920,66,45,55,30.5,12.3,,23.6,,49271170.5720215,24927.5528799411
276,1337144,352,266,76,5.5,7,48.4,5.7,16.9,142980208.942871,144855.217724788
277,1337396,613,369,163,11.1,15.7,,4.4,,149909440.526489,206638.81186078
278,1337788,64,57,56,35.3,,1838.5,5.3,,60617791.4692383,53715.2995500895
279,1339748,199,128,70,10.7,13,,10.6,,97885717.8911133,121210.949078407
280,1340532,53,46,56,55,367.7,,17,262.6,8925843.07763672,14611.0811433223
281,1340812,72,62,59,48.1,23.7,,54.1,,32195877.9912109,26374.9924664852
282,1341344,51,42,56,73.7,167.1,,24.2,367.7,22259034.7391357,16763.6878468211
283,1341400,81,72,58,23.4,15.3,,25.9,40.9,87677617.2822266,33247.0085548139
284,1341540,90,75,57,16.1,0,,5.5,,84057883.467041,52727.1481337998
285,1341708,50,52,58,193.8,167.1,,108.1,,31117837.6055908,19822.379031411
286,1341792,53,50,57,70,61.3,,25.8,,34574731.9833984,30362.9892686038
287,1343640,677,591,166,2.1,6.8,31.6,1.8,3.4,1249670443.43152,700676.570770131
288,1345936,83,63,56,21.4,19.2,,8.6,91.9,45268967.0905762,50830.0920332862
289,1346020,72,61,54,26.8,13.1,122.6,25.8,55.7,49429586.9468994,24981.6914283975
290,1346188,49,49,57,65.3,204.3,,17.4,,15276623.6657715,19246.7897596229
291,1347560,239,172,84,7.9,9.3,459.6,6.1,73.5,102587060.09668,91610.3548677087
292,1347784,310,234,97,9.5,12.7,0,12.6,16.4,65285031.0223389,50745.208373168
293,1349532,357,267,74,5.4,3.1,,7.1,,224367426.289551,131034.670472613
294,1350484,203,165,56,5.7,21.9,919.2,1.4,612.8,124918918.281738,110798.180024067
295,1350596,44,47,58,149.1,367.7,,57.5,,14708012.7041016,15739.6962456951
296,1350680,101,65,53,13.2,9.4,,9.7,32.9,44601120.7035522,28609.8389268742
297,1351352,144,103,54,6.2,6.4,131.3,9.1,17.4,179950434.980225,119616.355848578
298,1351492,825,617,319,4.4,7.8,13.7,5.1,4.6,571543688.917969,452524.735846857
299,1352108,58,47,54,38.5,40.9,,14.4,612.8,48531707.9482422,24728.3584726216
300,1352696,201,51,57,72.7,44.8,,35.5,919.2,36502886.2840576,28237.385136822
301,1353060,569,493,207,3.7,6.3,36.3,5.9,6.3,468975665.112183,376369.693443544
302,1354124,124,64,67,30.1,63.9,,22.8,,79055770.5126953,42801.9980961619
303,1354264,301,234,116,6.8,6.9,,7.5,87.5,131153756.419434,118003.691335458
304,1355244,93,79,56,23.1,16.8,229.8,3.9,96.8,84054831.140686,43178.3547233414
305,1355440,377,71,52,21,14.5,,8,919.2,51656891.2681885,43309.2752634808
306,1355468,166,128,58,7.8,229.8,204.3,5.7,17.5,111429309.729004,113587.833518856
307,1355860,113,88,57,14.4,23.6,,7.8,48.7,87378715.979248,33295.8973039552
308,1357372,87,72,56,21.9,32.6,114.9,11,104.7,26620265.0476074,24179.6877241417
309,1358184,160,117,56,13.2,34.7,612.8,12.4,10,50298323.9180908,25147.3926105523
310,1360984,66,49,54,46.6,40.3,,25.1,367.7,28436441.6655273,21530.3876404798
311,1361320,57,44,55,40.2,19.7,,51.1,93.3,54481127.6687012,29553.5925674287
312,1361628,74,53,58,34.6,23.5,,23.3,229.8,22691232.6943359,19574.7392592246
313,1363000,51,48,57,97,229.8,,43.2,122.6,22285315.1745605,16759.4912691284
314,1363728,121,86,53,12.5,41.1,262.6,5.2,108.1,31977535.732605,27684.7032328722
315,1363840,56,47,63,54.7,367.7,167.1,32.1,229.8,21899291.0539551,16591.2078031292
316,1364372,34,39,57,126.2,1838.5,1838.5,31.6,,21914656.1357422,16595.5908954512
317,1364596,194,163,58,7.2,11,612.8,3.3,40,5691268.46386719,10580.8176810569
318,1329528,447,334,119,4.5,4.8,,6.4,25.5,253471574.435791,435339.037950664
319,1330312,104,85,60,17.9,20.9,,13.8,459.6,54571582.371582,46357.4532824505
320,1330424,576,287,144,9.3,15.8,97.9,4.9,195.8,116949841.005859,154435.792967116
321,1330816,105,64,66,20.5,16.1,,61.5,,214673772.407227,77331.6199777406
322,1330956,566,501,134,3.1,9.5,21.6,2.5,149.7,387485355.149414,302605.002929035
323,1331320,118,89,55,16.5,24.2,306.4,7.2,40.8,61257889.9611816,31593.8807387917
324,1332384,42,42,58,153,,,54.1,459.6,24058179.3789063,21653.3545297165
325,1335016,142,96,66,14.7,16,,22.9,153.2,65746005.0073242,69934.5872984813
326,1332528,169,139,69,8.7,9.2,35.4,4.4,0,4476102985.57959,324162.76959592
327,1332748,87,62,52,19.6,229.8,,5.4,,28982863.1000977,42166.5052900602
328,1332916,43,53,53,58.4,25.9,,7.7,,89301101.0620117,37786.1860389811
329,1333336,315,210,100,8.5,26.3,,4.2,41.7,199747582.883423,120185.120145347
330,1349504,49,53,58,145.3,,,46,,21651067.6223145,16550.1667817751
331,1334260,54,47,56,88.3,183.8,,34.2,229.8,48769477.2961426,26244.0837448066
332,1334512,267,219,54,4,7.7,,2.5,204.3,110340182.703369,129727.104227199
333,1334876,259,213,113,8.2,10.2,65.7,8.7,27.2,189517415.577637,179628.51208877
334,1335800,47,43,52,42.5,,,19.5,183.8,22528561.5244141,23795.0854931983
335,1338964,745,649,335,2.2,3.6,7.2,3.3,4.4,509352366.155273,255617.004552336
336,1336024,101,92,56,13.4,35,204.3,2.2,28.3,60109941.5129395,37036.5883433236
337,1336052,212,181,57,4.8,9.3,262.6,2.2,17.8,78152549.9786377,72153.7295486931
338,1336220,129,101,63,12.9,15.4,262.6,7.8,919.2,95155300.5318604,143554.245618923
339,1336696,240,213,60,4.4,5.5,59.3,3,153.2,176337746.226563,154193.311167112
340,1357456,62,60,58,60.5,77.9,,29.7,,36190173.5495605,33291.3778621708
341,1337564,397,309,123,8.4,9.9,,16.3,10.5,134107768.957275,86564.7678413446
342,1338040,306,257,89,4.6,5.9,43.8,1.7,31.7,545632933.784912,167119.154088116
343,1357568,85,80,54,20.1,612.8,,8.1,40.9,91422575.8225098,34943.9156559747
344,1359500,78,73,58,24,39.1,,6.5,,73881257.1911621,101746.796684322
345,1338124,98,75,56,24.9,,,7.6,73.5,57895941.4101563,30011.477377532
346,1338348,62,57,58,40.6,52.5,,21.8,63.4,87999449.6875,33383.7082226874
347,1353508,227,175,65,6.7,5.3,,8.8,20.9,112861463.317871,47841.0153059237
348,1338920,88,68,56,28.4,11.3,,36,,48617418.4560547,24814.787826459
349,1339216,130,110,65,22.7,52.1,,6.2,,96103734.0334473,42658.2256057872
350,1339244,228,185,74,5.4,6.2,141.4,8,57.5,206250830.179443,129556.666016556
351,1339692,151,110,53,13.9,1838.5,919.2,6.5,37.5,69739641.1015015,96155.3044063895
352,1339720,135,119,55,9.1,43.8,,3,48.4,269554655.91748,62005.6122105573
353,1340840,66,51,51,37.5,,,6.4,,21488591.3808594,23138.3300253743
354,1341596,444,365,133,6.5,7.8,24.5,9.7,17.7,169900735.481689,157706.849260242
355,1341932,329,291,87,5.3,63.4,55.7,3.4,23.3,238501442.499023,350646.440773812
356,1341988,543,449,135,3.2,20.2,104.8,2.1,10,634040635.498779,449619.693933291
357,1360032,70,65,56,20.8,62.4,,8,459.6,85463545.9990234,96024.1187182312
358,1342100,127,85,60,19.9,9.2,,19.8,,102244058.301758,41129.806326626
359,1342268,466,362,168,5.5,10.7,57.9,4.6,11.1,464042490.079468,106351.844431696
360,1342800,62,63,58,68.4,32.3,,65.7,,69039993.2926025,31426.9570390813
361,1343360,44,50,53,101.3,43.4,,84.8,,30018835.6896973,35207.3743825265
362,1351240,55,49,57,50.3,32,1838.5,33.4,229.8,55701648.5446777,32477.5687250507
363,1343892,61,53,54,48.9,919.2,,8,,22613423.8120117,19159.5120513505
364,1344312,535,451,124,4.5,9.1,18,4.2,,225430247.625488,174407.915032774
365,1344340,811,703,328,2.3,3.8,5.4,3,5.6,1197379692.26794,589520.78550812
366,1344592,360,255,92,8.8,8.6,,12,40,87385365.0928345,33243.8095699281
367,1344704,93,73,52,13.5,54.7,459.6,7.8,35.7,39818608.1300049,75081.6608591388
368,1345460,172,141,61,8.4,16.2,,5.7,15.1,128448208.399658,135148.631638208
369,1345600,76,61,58,22.6,10.8,,47.3,262.6,89595438.1751709,33672.8441253361
370,1345768,214,171,64,5,7.3,63.4,3.1,40,139053352.317139,64276.2657654673
371,1346384,52,48,53,61.8,13.8,,33,0,16777923.5733643,14675.5073692813
372,1346552,156,118,56,7,8.5,,4,459.6,98354683.9760742,50918.6865418215
373,1347252,41,46,57,226.9,919.2,,66.6,,17417405.9963379,16674.4651559518
374,1347336,111,100,55,6.9,459.6,367.7,3.3,229.8,74132206.4692383,39955.6081108886
375,1347952,172,127,57,11.6,8.4,,5.4,,54046357.6606445,31481.64587364
376,1347980,186,125,107,20.5,30.2,122.6,15.2,,44571020.7150879,74041.1733121615
377,1348092,75,64,58,23.7,459.6,,9.4,,20948777.6247559,17819.3162261695
378,1348232,358,283,149,8,15.9,,6.6,19.5,228717491.716797,94392.6723582451
379,1348428,147,101,66,13.2,,919.2,8.7,306.4,44531828.2429199,28938.8759135787
380,1348848,121,91,56,18.7,9.2,,45.8,49.7,149626140.913574,50746.1137734501
381,1349008,1055,1223,649,1,1.7,2.9,1.4,4.1,7105270338.23486,464826.09497763
382,1349100,467,383,84,4.3,3.8,,3.5,39.8,182186083.180542,149790.742494706
383,1349196,383,346,83,4.5,5.3,,4.9,131.3,245075287.880371,119403.262463299
384,1349924,198,153,84,10.7,9.4,,12,,87983667.3962402,33319.7768560782
385,1350008,116,111,56,23.8,459.6,,5.5,328.1,70590823.5083008,70905.8808745551
386,1350260,55,55,54,35.5,0,,9.4,367.7,66685994.1845703,29313.1411477798
387,1350848,62,60,54,29.5,306.4,919.2,3.2,,21833019.2207031,17510.4530970552
388,1351072,279,236,78,4.4,8,55.7,4.8,19.2,214307921.549316,84743.3816550857
389,1351408,96,64,62,24.2,51.4,,11.5,,87876241.9298096,33305.3220290232
390,1351520,340,243,89,8.3,8.1,,11.9,70.7,100552348.281982,56196.2883677408
391,1351604,182,155,105,17.1,49.9,,4.1,215.7,58045554.2419434,51010.1075282971
392,1351968,46,43,56,59.2,141.4,,10.7,367.7,41363166.9121094,22934.8090213932
393,1352304,313,236,148,10.5,13.5,31.7,6.2,,129035168.734375,68820.3179180677
394,1352416,211,176,81,7.5,11,85.4,7,40.9,91275525.8205566,81580.4539172606
395,1352500,47,46,58,73.1,73.4,,40,183.8,45179936.8520508,35161.2740886282
396,1352724,48,50,54,72.7,,1838.5,8.5,612.8,22018270.2753906,16636.6967135638
397,1353032,117,94,71,22.5,25.8,,20.5,83.6,48529590.9011841,24749.5035701314
398,1363224,255,188,133,8.7,11.6,,6.2,65.7,115621333.99939,85192.4472478288
399,1353116,144,102,66,19,,96.8,14,35.4,50852497.1582031,25329.3709356014
400,1353284,114,95,57,12,122.6,65.7,6.7,13.3,67666690.7365723,76880.8350448865
401,1354992,50,48,55,57.2,79.5,,18.2,459.6,22646825.7243652,19323.6112008833
402,1356560,58,57,58,57.2,25.5,,55.7,,22995869.6547852,18714.0356113826
403,1356644,60,61,60,74.8,48.4,,183.8,56.6,37391766.2995605,29952.7128993672
404,1357232,104,74,53,21.1,919.2,306.4,7.6,52.5,201489942.055664,83764.7683734324
405,1357428,324,256,104,7.8,10.1,141.4,3.8,108.1,71174166.9450684,223424.437624974
406,1357540,68,55,54,22.9,65.7,459.6,7.4,141.4,56670511.9030762,31188.347835971
407,1357736,171,120,85,16.7,15.4,,20,,56892123.0384521,38326.6210298135
408,1358100,58,51,56,39.7,26.1,,15.5,,26176053.9660645,18199.0952723514
409,1359416,37,38,58,111.8,114.9,,51.1,,21703633.6503906,16625.7932928691
410,1359556,78,57,61,24.6,26.7,,6.2,306.4,49207001.098877,24924.2714784279
411,1359808,209,168,74,8.9,14.6,,16.7,5.7,93740092.8532715,44135.3084256329
412,1359976,328,261,147,9,12,229.8,8,204.3,113651227.532715,45587.07184903
413,1360004,210,151,83,8.6,16.5,459.6,8.1,262.6,214481208.398682,97562.8567004019
414,1360340,800,616,375,5.1,9.4,33.5,3.6,10.7,749158105.179321,787773.450207095
415,1361124,182,144,68,9.2,10.4,204.3,10,54.1,88112268.4666748,96794.1089059884
416,1361544,76,58,56,35.3,69,,14.8,167.1,22331588.9759521,16824.0352798133
417,1361684,43,42,48,35.4,367.7,,7.5,153.2,20133698.0161133,32957.0548731167
418,1362104,1155,1023,404,3.3,6.7,6.2,4.5,5.3,777584458.929688,254539.659171343
419,1362216,81,67,56,24.1,36.8,,5.4,,57638559.7456055,39399.5509415557
420,1362328,872,816,232,5.3,6.6,74.9,12,10.3,459080205.124756,188343.359198727
421,1362496,103,81,58,17.1,20.3,,7,,46642706.3286133,39014.8931425922
422,1363560,48,54,55,86.6,,,30.4,,22749114.401123,16980.8759025652
423,1363756,44,44,55,100.4,68.1,367.7,14.4,,29107286.760498,27184.914644778
424,1364512,211,181,56,6.2,1.6,,5.1,183.8,214580238.036743,113726.074246539
425,1364680,49,47,58,83.1,229.8,,29.7,,29471005.6887207,19322.6968757814
426,1364736,175,131,58,11.2,65.7,367.7,8,8.9,78636025.0690918,87667.2698828565
427,1365016,181,132,58,12.8,7.1,,14.6,,90451016.2163086,52635.3289151401
428,1365044,515,458,140,2.5,5.1,27.2,2.5,10.7,680460652.167236,338756.764158974
429,1366024,128,97,68,15.5,18.5,,7.3,,53156431.5997314,35657.5630207191
430,1366668,947,820,290,1.8,4.8,9.6,2,2.7,899849388.043945,844028.817784931
431,1367256,311,233,104,6.7,34.5,,5.3,153.2,50411828.7729492,57714.0140721104
432,1367984,671,517,246,3.3,16.5,17.4,2.9,7.8,697821515.122803,348135.025169047
433,1368096,64,53,54,35.2,22.9,,15.5,167.1,51162912.6724854,27416.4206256419
434,1368208,360,294,116,4.7,6.7,81.4,2.3,,362326693.095947,215748.967241328
435,1368600,44,39,55,84.6,83.6,,31.4,919.2,5166353.4777832,10122.4773970301
436,1369448,107,80,63,18.3,40.9,,7.2,153.2,60786022.9570313,29591.4215954491
437,1369896,51,51,58,123.7,47.1,,229.8,,21825267.6333008,16611.4663157418
438,1370428,66,58,53,20,19.5,,8.5,,63372887.4801025,55223.3898415111
439,1371464,107,57,60,33.1,18.6,,34.7,,69850657.6530762,34267.7178173843
440,1372556,173,129,60,7.7,8.4,131.3,9,26.9,115394897.448303,66717.942074513
441,1373004,65,50,55,32,36.2,,6.6,612.8,48635969.7727051,30020.663938872
442,1373620,83,74,51,20.1,7.8,,18.8,306.4,89260629.8293457,33596.1189069845
443,1374964,373,302,137,4.9,7.8,,7.4,18.6,361004847.265869,168540.977205985
444,1375104,100,64,56,27.8,11.3,229.8,13.3,919.2,28192109.2540283,33864.4661479725
445,1375160,223,176,72,6.9,12.7,114.9,2.8,367.7,141680394.757813,95816.6081727898
446,1375188,417,325,184,7.8,10.8,,8.1,,183956503.815186,117282.095716995
447,1375244,122,103,60,11,8.6,,25.2,131.3,87100864.3364258,33236.8904111782
448,1375328,65,53,58,223.6,,,70.7,,237933137.626953,76113.6523406248
449,1375412,63,59,55,37.3,,,12.3,52.5,79213105.1330566,93884.0029230516
450,1375496,43,50,57,404.2,,,93.8,,24135389.4257813,17467.6580125439
451,1376224,645,582,265,3.4,5.2,,2.3,20.8,422090238.370605,213023.296400903
452,1376280,420,332,133,5.9,10,134,5.1,44.7,122786483.130371,123118.379231058
453,1376476,721,568,167,2.6,4,15,3.7,5.3,356928345.849121,304040.244688162
454,1376504,81,62,56,31.3,,,12.4,153.2,23109964.2993164,17112.8934816703
455,1376532,65,60,55,37.6,19.5,,23.2,,77850033.5454102,31385.3545458074
456,1376756,504,417,228,6.3,18.4,,6.1,28.9,267062888.952148,508499.473527617
457,1376952,54,46,56,71.3,27.9,,87.5,919.2,51905279.9279785,31635.0782601507
458,1377372,187,156,59,6.9,,,4.1,79.9,89661535.9382324,57167.4276277748
459,1378036,324,287,73,4.8,229.8,,3.3,262.6,93964789.5605469,56261.7727247181
460,1378744,72,61,55,26.1,26.9,,10.9,131.3,53143403.4083252,25989.8852001273
461,1378800,1204,1106,427,1.6,2.4,27.2,2.1,6.5,1015401268.83734,482844.717173618
462,1379164,39,47,57,246.8,,,59.1,,11663077.4243164,24270.1287185912
463,1379388,595,494,212,4.4,10.3,40.4,4.2,13.8,509174925.834717,142673.308061792
464,1379416,56,53,56,74.1,189.2,,21.5,230.9,27165713.9440918,18518.7499201666
465,1380480,69,58,56,31.8,28.3,204.3,22,262.6,42797626.1967773,46938.3260846679
466,1380592,153,120,55,8.7,5.2,70.7,6.5,,53647726.6674805,43003.9614794149
467,1380676,87,62,51,28.8,9.3,,10.1,,22636067.376709,18981.0449381659
468,1380844,111,86,53,13.9,6.1,,7.5,459.6,93584816.7580566,39039.9985529017
469,1382132,428,315,101,8,10.9,,7.3,306.4,330344587.205688,224019.908759454
470,1382412,85,69,60,29.9,21.6,,23.7,367.7,33030343.1372681,30516.0046769371
471,1383728,105,85,52,9.8,23.3,367.7,3.9,306.4,73776021.269043,34635.8993813517
472,1383868,164,122,78,11.2,14.4,262.6,4.3,55.7,71646150.303894,75954.152251773
473,1383952,59,50,57,50.5,15.4,,102.1,,22040812.5095215,16742.2676685396
474,1384260,55,54,56,41.8,15.8,,30.9,,136728902.1521,41624.9293248763
475,1384708,56,50,49,24.5,19.2,,7,,24426517.5605469,22375.6885113181
476,1385128,126,83,64,14.4,32.7,,9,612.8,126711531.48584,76153.7127475674
477,1364876,113,83,70,18.8,21,,9.6,58.1,55791158.4156494,100153.56298288
478,1364932,72,50,52,33.8,25.9,,10,204.3,87576369.34375,33249.8506042705
479,1364960,65,52,56,24.4,7.8,,114.9,,317514760.707764,104911.992529325
480,1380256,375,292,97,5.9,3.9,,13.3,9.8,106987840.957642,74994.7729490414
481,1365156,50,48,57,132.8,919.2,,37.7,,21873360.3532715,16604.37319881
482,1365296,522,457,114,2.6,3.1,31.8,2.8,9.1,269654269.47876,165726.594397664
483,1365324,305,238,112,7.1,23.3,28.7,7.4,30.1,137093693.179443,238521.021665772
484,1365856,94,70,55,20.9,17.1,,11.4,,41973495.7578125,25600.3725007255
485,1366276,441,386,101,5,6.8,70.7,6.7,,159324098.556885,195640.721968444
486,1366444,47,44,55,57,70.7,,17.7,262.6,34550436.6171875,20894.5362218053
487,1367452,211,175,62,6.6,11.2,,3.2,459.6,95532620.8530273,39522.0139837724
488,1367760,103,77,51,14.2,16.3,,5,612.8,92139129.0737305,42486.2773459723
489,1368740,101,66,57,20.6,18.2,,5.7,,43587875.4985352,37772.4985791573
490,1368796,49,49,53,44.2,16.6,,36,79.8,21766704.2148438,16582.2754355571
491,1369000,1720,1554,659,0.9,1.5,2,1,3.6,3036228542.9812,1147653.21369766
492,1376364,207,186,67,4.7,6.4,61.3,3.1,39.4,43803263.7617188,43011.8097400128
493,1369336,74,72,57,32.8,43.8,,10,,40705425.7380371,26616.5643992584
494,1369784,74,69,57,37.1,141.4,,23.8,21.9,24529345.3417969,27229.5819750747
495,1381128,215,178,54,4.9,5.3,,2.6,229.8,5860800985.67932,394435.182791148
496,1370120,117,86,65,17.9,13.9,,19.7,,87785288.4362793,33769.7892832104
497,1370932,60,49,51,32.5,10.9,1838.5,18.8,,34601090.3205566,20887.262599005
498,1371282,38,35,58,90.8,,,28.7,,85508838.5405273,49496.5490056486
499,1371772,230,168,74,7.2,5.2,,11.3,,124475254.294434,89378.9050194531
500,1377736,110,93,58,9.9,114.3,,8.1,27.4,53609679.4924316,125564.018471119
501,1372584,156,110,60,13.6,9.3,919.2,22.7,,50975405.2446289,32888.0435939515
502,1372780,243,205,79,6.1,21.3,,3.5,229.8,76731575.4541016,98244.415282819
503,1373256,1088,788,329,2.2,4.4,14.1,2.2,8.8,424103249.382813,202829.413239364
504,1374348,47,46,55,75,66.8,,29.5,,22056562.425293,16818.0316828098
505,1374376,332,238,127,8.3,24.5,,7.1,122.6,111901313.481445,67527.3019595891
506,1374432,65,57,54,29.9,25.3,,6.3,,49381450.8126221,44525.9616555762
507,1374852,47,43,51,66.9,49.3,,12.7,1838.5,21607826.6038818,16570.7159275875
508,1375272,44,44,57,162.1,,,43,,41469264.1066895,45830.3460618102
509,1375300,361,273,116,8.4,29.2,,7.5,,280349756.970215,236789.558792657
510,1375888,152,122,54,8.1,9.4,,6.7,306.4,49788914.0864258,42942.579691322
511,1376168,486,380,176,4.8,8.5,,4.8,87.8,271404117.487061,198363.783792342
512,1377540,181,145,56,5.4,57.5,204.3,2.7,13,107244920.501465,51430.5405826375
513,1377988,199,112,65,11.9,10.7,459.6,12.3,,100820042.91748,42198.5110145239
514,1378100,98,78,52,14.9,11.1,,5.8,102.1,22266491.5581055,18104.8473489257
515,1378156,353,220,73,9.9,8,,10.7,21.9,169520945.428589,106705.075333022
516,1379444,325,281,136,8.1,8.8,,8.6,37.5,153046433.808716,74757.0647948507
517,1378380,139,114,54,8.5,6.3,,5.7,65.7,54177496.9802246,37729.0836877374
518,1378996,169,149,61,6.3,108.1,69.4,2.8,18.9,106134410.090576,353978.557657322
519,1379808,69,67,55,29,367.7,,7.6,,51167764.1520996,47872.5018976912
520,1379864,191,113,70,12.6,11.8,,8,83.6,128305270.80957,54584.2382144891
521,1380508,1493,1315,489,1.4,2.3,8.8,2,7,1024042373.43408,1026777.13981336
522,1380704,250,194,91,6.2,7.9,43.8,4.2,,216135229.283203,91032.3183233968
523,1380788,205,184,63,4.3,13.3,55.7,3.2,37.5,92113360.1499023,50002.7494968575
524,1380956,569,447,110,2.3,3.3,30.7,2.7,12,333764317.481323,255341.036830116
525,1380984,376,313,84,4.4,2.1,282.8,10.5,67,154147202.019287,64904.1065750173
526,1382692,43,45,52,56.3,47.6,,6.8,,140690099.786133,78512.3671281338
527,1382972,173,140,62,10.4,18,,19,6.6,106527456.109863,52244.6468035105
528,1383084,71,57,55,23.5,30.2,,8.7,55.7,36691707.3608398,39349.4885407322
529,1383896,149,116,63,12.4,8.7,,11.9,,57574244.9677734,38129.0815875258
530,1384456,215,165,69,9.1,8,,9,44.8,87582613.7167969,58665.1375094099
531,1384512,385,270,195,10.9,17.6,,6.7,,100465713.473389,73501.022772406
532,1384960,167,111,61,12.9,42.4,,6.6,34.7,26549785.0588379,25068.1698266269
533,1303440,1387,1273,554,0.9,1.8,4.2,1.2,2.8,3293612048.3999,309536.22579351
534,1327708,43,38,51,44.7,,,7.4,,102997732.32959,115792.75583336
535,1340056,145,109,64,8.8,73.3,55.6,6.1,46,72584143.5615234,53454.5921280808
536,1342156,64,56,54,31,25.5,,11.5,,36240701.9628906,39283.7905165156
537,1348008,109,80,51,15,8.7,,4.9,,88819960.2177734,38702.4799295377
538,1356308,79,63,55,16.2,183.8,1838.5,2.6,81.8,69488631.2441406,38628.3897135066
